SEGMENTATION_MARCHE,Client,18

N°,Adresse,Ville
C0390,Yopougon Sicogi,Abidjan
C0391,Port Bouet Gd Mché,Abidjan
C0392,Adjouffou,Abidjan
C0393,Port Bouet Gd Mché,Abidjan
C0394,Port Bouet Grd Mché,Abidjan
C0395,Marcory Gd Mché,Abidjan
C0396,Abobo,Abidjan
C0397,Aboisso,
C0398,Gonzagueville ,Abidjan 
C0399,Tiassale,
C0400,Port bouet 2,Abidjan
C0401,Treichville grand marché,Abidjan
C0402,Yopougon Niangon,Abidjan 
C0406,Port bouet,Abidjan
C0407,Adjamé Bromakoté,Abidjan
C0408,Treichville,Abidjan
C0409,Port Bouet Gd Mché,Abidjan
C0410,Treichville Gd Mché,Abidjan
C0411,Yopougon Sicogi,Abidjan
C0412,Adjame Forum,Abidjan
C0413,Aboisso marché,Aboisso
C0414,Port Bouet Grd Mché,Abidjan
C0415,Aboisso,Aboisso
C0417,Koumassi marché,Abidjan
C0418,Port Bouet Grd Mché,Abidjan
C0419,Koumassi Grd Mché,Abidjan
C0420,Attecoube grand marché,Abidjan 
C0421,Koumassi Gd Mché,Abidjan
C0422,Koumassi Grd Mché,Abidjan
C0423,Abobo Gd Mché,Abidjan
C0424,Gonzague ville,Abidjan
C0425,Adjamé Habita Latin,Abidjan 
C0426,Port Bouet,Abidjan
C0427,Yopougon Sideci Palais,Abidan
C0428,,
C0429,Yopougon Koweït,Abidjan
C0430,Treichville Gd Mché,Abidjan 
C0431,Gonzague ville,Abidjan
C0432,Adjame,Abidjan
C0434,Adjamé Mché Gouro,Abidjan 
C0435,Yopougon Sidecie,Abidjan
C0436,2Plateaux Encien Marché,Abidjan
C0437,Yopougon 16 ème,Abidjan 
C0438,Treichville Grd Mché,Abidjan
C0439,Abobo Gd Mché ,Abidjan
C0440,Yopougon Andokoi,Abidjan 
C0441,Port bouet marché,Abidjan
C0442,Gonzague marché jean folly jean,Abidjan
C0443,Koumassi Gd Mché ,Abidjan
C0445,Port Bouet,Abidjan
C0447,Bonoua marché,
C0449,Port Bouet,
C0451,Koumassi Gd Mché ,Abidjan
C0452,Bonoua marché,
C0453,Koumassi Grd Mché,Abidjan
C0454,Adjame latin,Abidjan
C0455,Adjamé Habita Latin,Abidjan 
C0456,Marcory Anoumanbo ,
C0457,Koumassi,Abidjan
C0458,Abobodoumé,Abidjan 
C0459,Gonzague ville marché,Abidjan
C0460,Abobodoumé ,Abidjan 
C0461,Abobodoumé ,Abidjan 
C0462,abobodoumé ,Abidjan 
C0463,Adjamé Habita Latin,Abidjan
C0464,BONOUA,BONOUA
C0465,Marcory Gd Mché ,Abidjan 
C0466,Port Bouet Abattoir,Abidjan
C0467,Adjouffou Marché,
C0468,Douane ,Abidjan 
C0469,Cocody 2 Plateaux,Abidjan
C0470,Gonzague Ville Marché,Abidan
C0471,Vridi Cité Petit Bassam,Abidjan
C0472,Bassam,Abidjan
C0473,Gonzague Ville Marché,Abidjan
C0474,Port Bouet Gd Mché ,Abidjan 
C0475,Yopougon andokoua,Abidjan
C0476,Vridi Petit Bassam,Abidjan
C0477,Abobo Baoulé,Abidjan
C0478,Bassam marché,
C0479,Port Bouet,Abidjan
C0480,Yopougon Siporex Mché Gouro,Abidjan 
C0481,Gonzagueville,Abidjan
C0483,Gonzagueville ,Abidjan 
C0485,Adjamé Bromakoté ,Abidjan 
C0486,Marcory Gd Mché ,Abidjan 
C0487,Koumassi Sans fil,Abidjan 
C0488,Koumassi Sans fil,Abidjan 
C0489,Koumassi Gd Mché ,Abidjan 
C0490,Port Bouet Gd Mché ,Abidjan 
C0491,Gonzagueville ,Abidjan 
C0492,Adjawi,Abidjan 
C0493,Gonzagueville ,Abidjan 
C0494,Gd Bassam,Gd Bassam 
C0495,Bonoua,Bonoua
C0496,Yopougon Banco 2,Abidjan 
C0497,Bonoua,
C0499,Koumassi grand marché,Abidjan
C0500,Port Bouet marché,Abidjan
C0501,Port de pêche,Abidjan
C0502,Akoupé,Akoupé
C0504,Port Bouet marché jean folly,Abidjan
C0505,Dabou Grd Mche,Dabou
C0506,Koumassi kahira,Abidjan
C0507,Maféré,Aboisso
C0508,Maféré ,Aboisso 
C0509,Port de Pêche ,Abidjan 
C0510,Adjamé Habita Latin,Abidjan 
C0511,Koumassi Gd Mché ,Abidjan 
C0512,Dabou,Dabou
C0513,Sikensi,Sikensi
C0514,Adjamé Forum,Abidjan 
C0515,Adjamé Forum ,Abidjan 
C0516,Adjamé Forum ,Abidjan 
C0517,Yopougon Selmer,Abidjan 
C0518,Treichville ,Abidjan 
C0519,Koumassi Soweto,Abidjan
C0520,Port Bouet ,Abidjan 
C0521,Koumassi Divo,Abidjan 
C0522,Gagnoa,Gagnoa
C0523,Treichville Gd Mché ,Abidjan 
C0524,Treichville Gd Mché ,Abidjan 
C0525,Yopougon Sapeur Pompier,Abidjan
C0526,Bouaké Gd Mché ,Bouaké
C0527,Koumassi Grand Marché,Abidjan
C0528,Koumassi inchallah ,Abidjan 
C0529,Adjame forum,Abidjan
C0530,Cocody 2 plateaux,Abidjan
C0531,Bassam,Bassam
C0532,Port Bouet marché,Abidjan
C0533,Koumassi Campement,Abidjan
C0534,Azaguie,Azaguie
C0535,Ayame Marché,Aboisso
C0536,Adjahui,Abidjan
C0537,Mafere Marché,Aboisso
C0538,Yopougon Gesco,Abidjan
C0539,Bouaké,Bouaké
C0540,Marcory,Abidjan
C0541,Port De Pêche ,Abidjan 
C0542,Abobo Gd Mché ,Abidjan 
C0543,Adjamé Renault ,Abidjan
C0544,Koumassi Inchalla ,Abidjan 
C0545,Koumassi Remblai,Abidjan
C0546,Abobo Gd Mché,Abidjan
C0547,Adjamé Mché Gouro,Abidjan 
C0548,Agboville Gd Mché,Agboville
C0549,Adjamé Mché Gouro,Abidjan
C0550,Abobo,
C0551,Cocody Riviera,Abidjan7
C0552,Koumassi sans fil,Abidjan
C0553,Marcory Gd Mché ,Abidjan 
C0554,Yopougon Selmer,Abidjan
C0555,Adjamé Forum,Abidjan 
C0556,Marcory,Abidjan
C0558,Abobo Baoulé,Abidjan 
C0559,Port Bouet marché,Abidjan
C0560,Aboisso Gd Mché,Aboisso
C0561,Koumassi quartier divo,Abidjan
C0562,Abobo marché,Abidjan
C0563,Vridi,Abidjan
C0564,Yopougon selmer,Abidjan
C0565,Cocody anono marché,Abidjan
C0566,Abobo marché,Abidjan
C0567,Cocody marché,Abidjan
C0568,Marcory,Abidjan
C0569,Bonoua,Bonoua
C0570,Bassam Gd Mché,Bassam
C0571,Treichville,Abidjan
C0572,Treichville,Abidjan
C0573,Koumassi Gd Mché ,Abidjan 
C0574,Adjame marché Black,Abidjan
C0575,Yopougon Sicogi marché,Abidjan
C0576, Gd mché Abobo,Abidjan
C0577,Koumassi,Abidjan
C0578,Koumassi Gd Mché ,Abidjan 
C0580,Adjame forum,Abidjan
C0581,Adjame Forum,Abidjan
C0582,Treichville Belleville,Abidjan
C0583,Adjame forum,Adjame
C0584,Adjahui,Ville
C0585,Treichville belle ville,Abidjan
C0586,Kssi Soweto,Abidjan
C0587,Abobo Gd Mché ,Abidjan 
C0588,Bassam marché,
C0590,Bassam,Bassam
C0591,Port Bouet,Abidjan
C0593,Azaguie Gd Mché,Abgoville
C0594,Koumassi Grd Marché,Abidjan
C0595,Koumassi Grd Marché,Abidjan
C0596,Port Bouet marché,Abidjan
C0597,YOPOUGON,
C0598,Abobo Marché,Abidjan
C0599,Bassam Gd Mché,Bassam
C0600,Dabou,Dabou
C0601,Port Bouet jean folly,Abidjan
C0602,Port Bouet marché,
C0604,Dabou,Dabou
C0605,Koumassi sans fil,Abidjan
C0606,Port Bouet marché,Abidjan
C0607,Yopougon Ananeraie,Abidjan
C0608,Adjamé Habita Latin,Abidjan
C0609,Koumassi grand carrefour,Abidjan
C0610,Koumassi Campement ,Abidjan 
C0611,Port Bouet,Abidjan
C0612,Attecoube,Abidjan
C0613,Bassam,Grand bassam
C0614,Mafere,Aboisso
C0615,Yopougon andokoua,Abidjan
C0616,Soubré,Soubré 
C0617,Adjahui,Abidjan
C0618,Marcory anoumabo,Abidjan
C0619,Adjamé Forum,Abidjan 
C0620,Koumassi Gd Mché ,Abidjan 
C0621,Koumassi Campement,Abidjan
C0622,Bonoua,Bonoua
C0623,Bonoua,Bonoua
C0625,Gonzague ville,Abidjan
C0626,Port Bouet marché,Abidjan
C0627,Marcory Gd Mché ,Abidjan 
C0628,Bassam Gd Mché,Bassam
C0629,Abobo Gd Mché ,Abidjan 
C0630,Abobo Gd Mché ,Abidjan 
C0631,Abobo,Abidjan 
C0632,Yopougon Sicogi,Abidjan 
C0633,Adjamé Mché Gouro,Abidjan 
C0634,Grand bassam,Grand bassam
C0635,Assinie Mafia,Abidjan
C0636,Yopougon lokodjro,Abidjan
C0637,Yopougon Gesco,Abidjan
C0638,Grand bassam Modeste,Grand bassam
C0639,Koumassi grand marché,Abidjan
C0640,Grand bassam Vas y voir,Bassam
C0641,Port Bouet marché,Abidjan
C0642,Akoupe Marché,
C0643,Abobo Bokabo,Abidjan
C0644,Koumassi remblais,Abidjan
C0645,Koumassi Sans Fil Marché,Abidjan
C0646,Koumassi,Abidjan
C0647,Yopougon camp militaire,Abidjan
C0648,Marcory Marché Anoumanbo ,Abidjan
C0649,Marcory Grand marché,Abidjan
C0650,Adjamé Mché Gouro(St Michel),Abidjan
C0651,Koumassi,Abidjan
C0652,Yopougon Micao,Abidjan
C0653,GRAND MARCHE ABOBO,
C0654,Marcory Marché Sans fil,Abidjan
C0655,Adjame  Marché Williams Ville ,Abidjan
C0656,Attecoube Marché,Abidjan
C0657,Maféré,Aboisso
C0658,Ouaga,Ouaga
C0659,Dabou Marché,
C0660,Dabou Marché,Dabou
C0661,Yopougon Koweit,Abidjan 
C0662,Bassam,Bassam
C0663,Port Bouet,Abidjan
C0664,Dabou,Dabou
C0665,Port Bouet ,Abidjan
C0666,Treichville marché,Abidjan
C0667,Abobo Gd Mché ,Abidjan 
C0668,Treichville Gd Mché ,Abidjan 
C0669,Marcory Anoumanbo ,Abidjan
C0670,Divo,Divo
C0671,Port Bouet,Abidjan 
C0672,Marcory Anoumanbo,Abidjan
C0673,Yopougon Wassakara,Abidjan
C0674,Adjouffou Marché,Abidjan
C0675,Koumassi Inchallah,Abidjan 
C0676,Yopougon Sicogi,Abidjan 
C0677,Koumassi Gd Mché ,Abidjan 
C0678,Yopougon Koweït,Abidjan
C0679,Marché Bonoua,Bonoua
C0680,Dimbokro,Dimbokro
C0681,Divo,Divo
C0682,Yopougon Siporex marché gouro,Abidjan
C0683,Bonoua,Bonoua
C0684,Aboisso,Aboiso
C0685,Dabou,Dabou
C0686,Bonoua,Bonoua
C0687,Dabou,Dabou
C0688,Port Bouet grand marché,Abidjan
C0689,Dabou,Dabou
C0690,Bonoua,Bonoua
C0691,Abobo Gd Mché,Abidjan 
C0692,Bianoua,Aboisso
C0693,Koumassi Soweto,Abidjan 
C0694,Bonoua Gd Mché,Bonoua
C0695,Yopougon Maroc,Abidjan 
C0696,Yopougon Siporex,Abidjan 
C0697,Koumassi campement,Abidjan
C0698,Bonoua ,Bonoua 
C0699,Koumassi inchallah,Abidjan
C0700,Koumassi Campement,Abidjan
C0701,Adjamé Mché Gouro,Abidjan 
C0702,Marché Campement,Abidjan
C0704,Aboisso,Aboisso
C0705,Divo,Daloa
C0706,Yopougon,Abidjan
C0707,Koumassi anoumabo,Abidjan
C0708,Mafere,Mafere 
C0709,,
C0710,Adjawi Marché,Abidjan
C0711,Attecoube,Abidjan
C0712,N'Douci,Tiassale
C0713,Aboisso,Aboisso
C0714,Abobo Gd Mché ,Abidjan 
C0715,Dabou Marché,Dabou
C0717,Dabou,Abidjan
C0718,Bassam,Bassam
C0719,Angre Marché Valentin,Abidjan
C0720,Abobo Gd Mché ,Abidjan 
C0721,Yopougon,Abidjan
C0722,Port de Pêche,Abidjan
C0723,Bouafle,Bouafle
C0724,Marcory Gd Mché ,Abidjan 
C0725,Yamoussoukro,Yamoussoukro
C0727,Dabou,Dabou
C0729,...,
C0730,Koumassi marché djèkonan,Abidjan
C0731,Marcory Grand marché,Abidjan
C0732,Bonoua,Bounoua
C0733,bondoukou,bondoukou
C0734,Sikensi,Sikensi
C0735,Adjawi Marché,Abidjan
C0736,Aboisso,Aboisso 
C0737,Abobo Gd Mché ,Abidjan 
C0738,koumassi djèkonan,Abidjan 
C0739,adjahui,Abidjan 
C0740,Port Bouet Adjahui,Abidjan 
C0741,Grand Bassam,Grand Bassam
C0742,Grand Bassam,Grand Bassam 
C0743,Grand Bassam ,Grand Bassam 
C0744,Assinie Mafia,Assinie Mafia
C0745,Yopougon Selmer,Abidjan 
C0746,Grand Bassam ,Grand Bassam 
C0747,Yopougon marché Bayon,Abidjan 
C0748,Bingerville,Abidjan 
C0749,Yopougon Wassakara ,Abidjan
C0750,Koumassi Campement ,Abidjan 
C0752,Yopougon Marché Bagnon,Abidjan
C0753,Daloa,Daloa
C0754,Bassam Marché,Abidjan
C0755,Sikensi,Sikensi
C0756,Abobo Petit Marché,Abidjan
C0757,Marcory Zone 4,Abidjan
C0758,Adiake,Adiake
C0759,Bonoua,Bonoua
C0760,Bingerville,Abidjan
C0761,Adjame Forum,Abidjan
C0762,Bingerville,Abidjan 
C0763,Adjahui,Abidjan
C0764,Adjamé Forum,Abidjan 
C0765,Abobo Gd Mché,Abidjan 
C0766,Aboisso,Aboisso
C0769,,
C0770,Koumassi Gd Mosquée,Koumassi
C0771,Adiakè,Adiakè
C0772,Port Bouet Jean Folly,Abidjan 
C0773,Abobo Gd Mché,Abidjan 
C0774,,Abidjan
C0775,Yopougon Toit Rouge,Abidjan
C0776, Marcory Anoumabo Marché,Abidjan
C0777,Bonoua Gd Mché,Bonoua
C0778,Aboisso,Aboisso
C0780,Marché Poulet,Koumassi
C0781,Koumassi Pharmacie Soleil ,Abidjan
C0783,Divo,Divo
C0785,Adjouffou,Abidjan
C0786,Abobo Mché Botou,Abidjan 
C0789, Bonoua,Bonoua
C0790,Bonoua,Bonoua
C0792,Yopougon Mché Fêtai,Abidjan 
C0793,Port Bouet Gd Mché ,Abidjan 
C0794,Anoumabo,Abidjan
C0795,Treichville Gd Mché ,Abidjan 
C0796,Marcory Zone 4,Abidjan
C0797,Maféré,Aboisso
C0798,Yopougon Mché Bagnon,Abidjan 
C0799,Marcory zone 4,Abidjan
C0800,Koumassi Inchallah ,Abidjan
C0801,Mafère,Mafère
C0802,Adjamé Mché Gouro,Abidjan
C0803,Abobo PK 18,Abidjan 
C0804,Bouake,Bouake
C0805,Bonoua,Bonoua
C0806,Aboisso,Aboisso
C0807,Port de Pêche ,
C0809,Bonoua,Bonoua
C0810,Port bouet,Abidjan
C0811,Port de pêche,Abidjan
C0812,Koumassi quartier divo,Abidjan
C0813,Koumassi inchallah,Abidjan
C0815,Yopougon Académie ,Abidjan
C0816,Daloa,Daloa
C0817,Koumassi Grand Marché ,Abidjan
C0818,Dabou,Abidjan 
C0819,Yopougon Gesco,Abidjan
C0820,Marcory Gd Mché,Abidjan 
C0821,Yopougon Niangon,Abidjan 
C0822,Abidjan ,Abidjan
C0823,Aboisso,Aboisso
C0824,,
C0825,Yopougon Wasakara,Abidjan
C0826,Bingerville,Abidjan
C0827,Aboisso,Aboisso
C0828,Treichville marché,Abidjan
C0829,Koumassi campement,Abidjan
C0830,Adjame Forum,Abidjan
C0831,Adjame Forum,Abidjan
C0832,Bonoua,Bonoua
C0833,Yopougon Siporex,
C0834,Port Bouet Abattoirs,
C0835,Port Bouet Abattoir,Abidjan
C0836,Port Bouet Marché,Abidjan
C0837,Marcory Mché,Abidjan 
C0838,Marcory Grand Marché,Abidjan
C0839,Koumassi Campement,Abidjan
C0840,Port Bouet Mché ,Abidjan 
C0842,Yopougon Sideci,Abidjan
C0844,Yopougon Mossikro,Abidjan
C0845,Koumassi Sans Fils,
C0846,Aboisso,Aboisso
C0847,Agboville,Agboville
C0848,Gonzague ville,Abidjan
C0849,Adjouffou ,Abidjan
C0850,Koumassi marché,
C0851,Lakota,
C0852,Adjamé Forum,Abidjan 
C0853,Abobo Pk 18,Abidjan 
C0854,Akoupé,Akoupé
C0855,Adjamé St Michel,Abidjan
C0856,Koumassi Gd Mché,Abidjan
C0857,Adjame Adjame Marché Gouro,Abidjan
C0859,Alépé,Alépé
C0860,Koumassi Gd Mché,Abidjan 
C0861,Yopougon Siporex,Abidjan
C0862,2 Plateau Petit Marché,
C0863,Bonoua,Bonoua
C0864,Koumassi Campement,Abidjan 
C0866,Gagnoa,Gagnoa
C0867,Attecoube ,
C0868,Vridi Marché ,Abidjan 
C0869,Grand-Lahou,Grand-Lahou
C0871,Koumassi Gd Mché,Abidjan 
C0872,Adjawi,Abidjan 
C0873,Port Bouet,Abidjan 
C0875,Abobo Gd Mché,Abidjan
C0876,Yamoussokro ,Yamoussokro 
C0878,Jacqueville,Jacqueville
C0879,Aboisso ,Aboisso
C0880,Porte Bouet ,Abidjan 
C0882,Yopougon Wasakara,Abidjan
C0883,Bonoua,Bonoua
C0884,Gd Bassam ,Gd Bassam 
C0885,Grand Marché Marcory,Abidjan
C0886,Yopougon Ananaeraie,Abidjan
C0887,Treichville mché Belleville,Abidjan
C0888,Yopougon ,Abidjan 
C0889,,
C0890,Jacqueville,Jacqueville
C0891,Bingerville,Abidjan 
C0892,Adjamé Forum,Abidjan 
C0893,Abobo ,Abidjan 
C0894,Koumassi Blvd Gabon,Abidjan 
C0895,Dabou ,Abidjan 
C0896,Treichville Belle Ville,
C0897,Zone 4,Abidjan 
C0898,Aboisso,Aboisso
C0899,Houmé,Abidjan
C0901,Marché Anono,Abidjan
C0903,Marche Anono,Abidjan
C0905,Port Bouet,Abidjan
C0906,Assinie,Assinie
C0907,Abouaffle,Abouaffle
C0908,Port Bouet Marché ,Abidjan 
C0909,Yopougon Niangon ,Abidjan 
C0910,Marcory,Abidjan
C0911,Yaou,Yaou
C0912,Grand Bassam,Grand Bassam
C0913,Bonoua ,
C0914,Yopougon Niangon ,Abidjan 
C0915,yopougon Niangon,Abidjan 
C0916,Koumassi prodomo,Abidjan 
C0917,Yamoussoukro,Yamoussoukro
C0918,Mché Aboboté,Abidjan
C0919,Yopougon Port Bouet 2,Abidjan
C0920,Yopougon Port Bouet 2,Abidjan
C0921,Yopougon Koweit,Abidjan
C0922,Adjamé Mché Gouro(St Michel),Abidjan
C0923,Port Bouet Mché,Abidjan 
C0924,Port Bouet,Abidjan 
C0925,Gonzagueville,Abidjan
C0926,Koumassi Quartier Divo,Abidjan
C0927,Mché Sicogi,Abidjan
C0928,Gonzague ,ABIDJAN
C0929,Marché de Bonoua,Bonoua
C0930,Adzopé,Adzopé
C0931,Koumassi Quartier Divo,Abidjan
C0932,Yopougon Sicogi,Abidjan
C0933,Adjahui,Abidjan
C0934,Abobo Gd Mché,Abidjan 
C0935,Port Bouet 2 Yopougon,Abidjan
C0936,Marche de Bonoua,Bonoua
C0937,Assinie,Abidjan
C0938,Adjame Forum,Abidjan 
C0939,Ivoire Golf Club,Abidjan
C0940,Bonoua,Abidjan
C0941,Treichville Marche Belle Ville,Abidjan
C0942,Abobo Gd Mché ,Abidjan 
C0943,Abobo Gd Mché ,Abidjan 
C0944,Adjamé Banfora,Abidjan 
C0945,Abidjan,Abidjan
C0946,Abobo Grand Marché,Abidjan
C0947,Dabou Songon,Dabou
C0948,Akoupé Aferi,
C0949,Marché de Marcory,Abidjan
C0950,Dabou Marche,Dabou
C0951,mché Bonoua,Abidjan 
C0952,Yopougon Toit Rouge,Abidjan
C0953,Maféré,Maféré
C0954,Koumassi Campement,Abidjan
C0955,,
C0956,Marché de bonoua,
C0957,Bietry Zone 4,Abidjan
C0958,Yopougon,Abidjan 
C0959,Marcory Grande Mosquee,Abidjan
C0960,Port de Treichville ,Abidjan 
C0961,Grd marché bassam,
C0962,Daoukro,
C0963,Adjame Marche,Abidjan
C0964,Marcory Anoumabo,Abidjan
C0965,Toumodi,Toumodi
C0966,Akoupé,Akoupé 
C0967,Adjamé mché Gouro,Abidjan 
C0968,Gonzaque,Abidjan 
C0969,Marcory(zone4),Abidjan 
C0970,Aboisso,Aboisso
C0971,Yopougon Micao,Abidjan 
C0972,Bassam,Abidjan
C0973,Grd marché port-bouet,
C0974,Adzopé,Adzopé
C0975,Yopougon Marché Port Bouet 2 ,Abidjan
C0976,Gonzague Ville Marché,Abidjan 
C0977,Divo Grand Marché ,Divo
C0978,Divo Dialogue 2,Divo
C0979,Bingerville Nouvelle Gare ,Abidjan 
C0980,Yopougon Wassakara,Abidjan 
C0981,Les Exky,Abidjan 
C0982,Gd marché Divo,
C0983,Yopougon Maroc ,Abidjan
C0984,,
C0985,,
C0986,Grd marché krindjabo,Grd marché krindjabo
C0987,Port Bouet Marché ,Abidjan 
C0988,Marché Akouedo Attié,Abidjan
C0989,Treichville Marche,Abidjan
C0990,Port trechville,Abidjan
C0991,Bassam Petit Marché,Grand Bassam
C0992,Adjame Williams Ville ,Abidjan 
C0993,Yopougon,Abidjan 
C0994,Agbo Ville,Agbo Ville
C0995,Marcory Zone 4,Abidjan 
C0996,Adjamé Mché Gouro,Abidjan
C0997,Aboisso,Aboisso
C0998,Aboisso,Aboisso
C0999,Yopougon Gesco,Abidjan 
C1000,Marco Zone 4,Abidjan
C1001,Alepe Marché ,Alepe
C1002,Yopougon (Magasins),Abidjan 
C1003,Marché De Bonoua,Abidjan 
C1004,Marché d’abou,Dabou
C1005,Treichville Marché ,Abidjan 
C1006,Issia,Daloa
C1007,Gagnoa,Gagnoa
C1008,Port bouet,Abidjan 
C1009,Yopougon Andokoi ,Abidjan 
C1010,Dabou Grand Marche,Dabou
C1011,Marché Notre Dame Treichville,Abidjan 
C1013,Aboisso,Aboisso
C1014,Koumassi Camp Commando,Abidjan
C1015,Adjawi,Abidjan 
C1016,Grd marché (bonoua),Bonoua
C1017,Adjame Forum ,
C1018,Yamoussoukro,Yamoussoukro
C1019,Forum adjamé ,Abidjan 
C1020,TULIPE FOOD,
C1021,Bonoua,Abidjan
C1022,Gagnoa,Gagnoa
C1023,Divo,Divo
C1024,Koumassi,
C1025,Yopougon Siporex,Abidjan
C1026,Abobo ,Abidjan
C1027,Port de pêche,Abidjan 
C1029,Abidjan,Gonzague Ville
C1030,Abobo nvelle Gare,Abidjan
C1031,Adjamé,Abidjan 
C1032,Ayman atiekoi,Abidjan 
C1033,Angré,Abidjan
C1034,Bonoua,Bonoua
C1035,Abidjan,Treichville 
C1036,Koumassi bia sud,Abidjan 
C1037,Yamoussoukro ,Yamoussoukro 
C1038,Yopougon Sicogi,Abidjan
C1039,Treichville Grand Marche,Abidjan
C1040,Cocody les 2 plateaux,Abidjan
C1041,Abobo Marché ,Abidjan 
C1042,Zone 4 ,Abidjan
C1043,Adjame ,Abidjan 
C1044,Yopougon port-bouet 2,Abidjan
C1045,Koumassi Remblais,Abidjan
C1046,Koumassi 147,Abidjan 
C1047,Port Bouet ,Abidjan
C1048,Trechville Marché ,Abidjan 
C1049,Koumassi,Abidjan 
C1050,Port Bouet,
C1051,Adjame Marché ,Abidjan 
C1052,Bondoukou,Boudoukou
C1054,Abobo Gd mché,Abidjan 
C1055,Adjame makassi,Abidjan
C1056,Yopougon marche,Abidjan
C1057,Marché de Bonoua,Bonoua
C1058,Abobo Gd Mrché,Abidjan 
C1059,Marche koumassi,Abidjan
C1060,Maffere Marche,Maffere
C1061,Abobo marche akekoa,Abidjan
C1063,,Abidjan
C1064,Abidjan ,Yopougon 
C1065,Yopougon Maroc,Abidjan
C1066,Adjame grand marche,
C1067,Marche Jean Folly,Abidjan
C1068,Bassam,Abidjan
C1069,Bonoua,Bonoua
C1070,Yopougon Niangon ,Abidjan 
C1071,Marché Anani,Abidjan 
C1072,Abidjan,Abidjan 
C1073,Adjouffou Marché ,Abidjan
C1075,Treichville ,Abidjan
C1076,Yopougon Gesco,Abidjan
C1077,Akouedo Marché ,Abidjan 
C1078,Yopougon Wassakara ,Abidjan
C1079,Adjamé mché Gouro,Abidjan 
C1081,Belleville,Abidjan 
C1082,Adjouffou Marché ,Abidjan 
C1083,Adjame Marché ,Abidjan 
C1084,Maferi,Maferi
C1085,Adjamé Mché gouro,Abidjan 
C1086,Abobo sans manqué ,Abidjan 
C1087,Bouaké Gd Mché,Bouaké
C1088,Yopougon ,Abidjan
C1090,Grd Marché marcory ,Abidjan 
C1091,Yopougon Marché ,Abidjan
C1092,Aboisso Marché Koffikro,Aboisso
C1093,Adjame Marché ,Abidjan
C1094,Adjamé ,Marché gouro
C1095,Yopougon Niangon nord,Abidjan
C1096,Yopougon Marché ,Abidjan 
C1097,Marché Bingerville,Abidjan 
C1098,Treichville,Abidjan 
C1099,Anoumabo marché ,Abidjan 
C1100,Treichville ,Abidjan 
C1101,Bonoua,Abidjan 
C1102,Marché de Gonzague ,Abidjan 
C1103,Marché de bonoua,Bonoua
C1104,Port bouet ,Abidjan 
C1105,Marché de bonoua,Bonoua
C1106,Mché Abobo,Abidjan
C1107,Yopougon Sicogi,Abidjan
C1108,Gonzague ,Abidjan 
C1109,Port bouet ,Abidjan 
C1110,Port bouet,Abidjan 
C1111,Duekoue ,Duekoue
C1112,Marcory Sans Fil,Abidjan
C1113,Adjame,Abidjan 
C1114,Adjame Forum,Abidjan 
C1115,Zone 4,
C1116,Akressi,Aboisso
C1117,Yopougon,Abidjan 
C1118,Yopougon,Abidjan 
C1119,Marché Adjame ,Abidjan 
C1120,Marché Port bouet,Abidjan
C1121,Adjamé Mché Gouro,Abidjan
C1122,Koumassi,Abidjan
C1123,Marché Aboisso,Aboisso 
C1125,Anoumabo ,Abidjan
C1126,Marché Gesco,Abidjan 
C1130,Port Bouet,
C1131,Akoupe ,Akoupe
C1132,Marcory Gd Mché,
C1133,Marcory Sans Fil ,Abidjan 
C1134,Yopougon Marché ,Abidjan
C1135,,
C1136,Koumassi Gd Mché,Abidjan
C1137,Marché de treichville,Abidjan 
C1138,,
C1139,Zone 4,Abidjan 
C1140,Marché Adjawi ,Abidjan
C1141,Oume,Oume
C1142,Aboisso,
C1143,Bonoua,Bonoua
C1144,Marcory,Marché Marcory
C1145,Yopougon ,Abidjan 
C1146,Yopougon sicogi,Abidjan 
C1147,Gonzague Ville ,Abidjan 
C1148,Yopougon sicogi,Abidjan 
C1149,Aboisso ,Aboisso 
C1150,Mafere,Mafere
C1151,Aboisso,Aboisso 
C1153,Assinie,Abidjan
C1154,Yopougon sicogi,Abidjan 
C1155,Assinie,Assinie
C1156,Anoumanbo ,Abidjan
C1157,Cocody 2 plateaux,Abidjan
C1158,Marché djè konan,Abidjan 
C1159,Yopougon Siporex ,Abidjan 
C1160,Adjawi ,Abidjan 
C1161,Marche de marcory,Abidjan
C1162,Bietry,Abidjan
C1163,Port Bouet,Abidjan
C1164,Blolekin,Blolekin
C1165,Bonoua,
C1166,Yopougon ,Abidjan 
C1167,Koumassi ,Abidjan 
C1168,Adjamé Mché Gouro,Abidjan
C1169,Marché Gonzague,Abidjan
C1170,Bonoua,Abidjan 
C1171,Maffere ,
C1172,Treichville Marché ,Abidjan 
C1173,Ayaman,Abidjan 
C1174,Anoumabo,Abidjan
C1175,Port bouet ,Abidjan 
C1176,Marche Gouro,Abidjan 
C1178,Marché bingerville ,Bingerville 
C1179,Anoumanbo ,Abidjan
C1180,Marché Adjame,Abidjan
C1181,Adjame Marché ,Abidjan 
C1182,Bingerville ,Bingerville 
C1183,Prikro,Prikro
C1184,Marché Bingerville ,Abidjan 
C1186,Marché Vridi,Abidjan
C1187,Marché Alepe,Azopé
C1188,,
C1189,Prikor,Daoukro
C1190,Prikro,Daoukro
C1192,Marché Marcory ,Abidjan 
C1193,Grand Marché koumassi ,Abidjan 
C1194,Marché Bacongo,Abidjan 
C1195,Bingerville,Abidjan 
C1196,Adjamé Mché Forum,Abidjan
C1197,Port,Abidjan 
C1198,Marché siporex,Abidjan 
C1199,Marché siporex ,Abidjan 
C1200,Marché belleville,Abidjan 
C1201,,
C1202,Marché Belleville (Treichville),
C1203,Marché Songon ( nouvelle gare),Abidjan
C1204, Marcory( sans-fil),Abidjan
C1205,Yopougon Selmer,Abidjan
C1206,Bianoua,Aboisso 
C1207,Adjawi ,Abidjan
C1208,Yamoussokro nouveau marché,Yammousokro
C1209,,
C1210,Grand March Treichville,Abidjan 
C1211,Koumassi mché Poulet,
C1212,Koumassi,Abidjan 
C1213,Marché Abobo,Abidjan 
C1214,Soweto,Abidjan 
C1215,Yopougon,Abidjan
C1216,Bonoua,Bonoua
C1217,Yopougon,Abidjan 
C1218,Adjahui,Abidjan 
C1219,Yopougon Wassakara,Abidjan 
C1220,Marché (Sans fil),Abidjan 
C1221,Aboisso ,Koukourandoumi
C1222,Gd Lahou,
C1223,Mafere Baffia,Aboisso 
C1224,,
C1225,,
C1226,,
C1227,,
C1228,ABOBO,
C1229,,
C1230,,
C1231,,
C1232,YOPOUGON,
C1234,Vridi,
C1235,,
C1236,,
C1237,Abobo Gd Mché,Abidjan
C1238,,
C1239,,
C1240,,
C1241,Vridi,
C1242,Vridi,
C1243,,
C1244,,
C1245,,
C1246,,
C1247,,
C1248,Vridi,
C1249,Vridi,
C1250,Vridi,
C1251,Vridi,
C1252,Vridi,
C1253,Marcory Grand marché ,Abidjan 
C1254,Vridi,
C1255,Vridi,
C1256,Vridi,
C1257,Vridi,
C1258,Vridi,
C1259,Yopougon toit rouge,Abidjan 
C1260,Vridi,
C1261,Yopougon Koweït ,
C1262,Vridi,Abidjan
C1263,Vridi,
C1264,Vridi,Abidjan
C1265,Vridi,Abidjan 
C1266,Adjamé ,Abidjan 
C1267,Vridi,
C1268,Vridi,
C1269,Yop,Abidjan 
C1270,Abidjan ,
C1271,,
C1272,Vridi,
C1273,Vridi,
C1274,Vridi,
C1275,Vridi,
C1276,Vridi,
C1277,Vridi,
C1278,Koumassi(Marché Bacongo),Abidjan
C1279,Aboisso,
C1280,GRAND MARCHE KOUMASSI,
C1281,,
C1282,Adjawi,
C1283,2 plateaux Bleu Marine,Abidjan
C1284,Treichville,
C1285,Grd Marche Abobo,
C1286,Gonzague ,Abidjan 
C1287,Yopougon sicogie,Abidjan 
C1288,Soweto,
C1290,Maferé,
C1291,Adjamé,
C1292,Gonzague (Jean Folli),
C1293,Adjawi,
C1294,Mrche de port bouët,
C1295,Mrche camp militaire,
C1296,Mrche Vridi Canal,
C1297,Mrche Anoumanbo,
C1298,Gare de bassam,
C1299,Faya Cité sir,
C1301,Yopougon Carrefour Niangon,
C1302,Abidjan,Marché Anoumanbo 
C1303,Adjamé marché gouro,
C1304,Yopougon Camp Militaire ,Abidjan 
C1305,Koumassi Soweto ,Abidjan 
C1306,Yopougon Niangon à gauche Carrefour marché,
C1307,Grand-Bassam,
C1308,Marcory Centre,
C1309,Nouveau Marché Ananeraie,
C1310,Cocody Allocodrome,
C1311,Yopougon(Zone industrial) ,Abidjan
C1312,Grand Marché Abobo,
C1313,Angre CGK,Abidjan
C1314,,
C1315,Grand marche de marcory,Abidjan
C1316,Palmeraie carrefour Guiaud,
C1317,Marché de port -Bouet,
C1318,Marché Sanfil,
C1319,Yopougon Marché Sicogi,
C1320,Marché de Marcory,
C1321,Vridi Cité,
C1322,Marché Niangon à gauche,
C1323,Grand Marché Marcory ,Abidjan 
C1326,Marché de Selmer ,
C1327,Marché d'anono,
C1328,Marché Cocovico,
C1329,Vridi 3,
C1330,Grand Moulin,
C1331,Petit Bassam,
C1332,Gonzague Marché Français,
C1333,Marcory,Abidjan
C1334,Tulipe,
C1335,marché Anono,
C1336,30BP745ABJ30,Abidjan
C1337,Marché derrière wharf,
C1338,Daoukro,Daoukro
C1339,Yopougon Maroc,
C1340,San Pedro ,San Pedro 
C1341,Plateau Dokui,
C1342,Marché Belle Ville de Treichville,
C1343,Meagui ,Meagui 
C1345,Abobo grand marché ,Abidjan 
C1346,Adjame,
C1347,Abobo Gd Mché,Abidjan 
C1348,Koumassi marché,
C1349,Ancien koumassi ,Abidjan 
C1350,,
C1351,Port bouet (marché),Abidjan 
C1352,Adjame Forum,Abidjan 
C1353,Bietry,
C1354,Bietry,
C1355,Marché de port bouët,
C1356,Adjamé Marché Gouro,
C1357,Port bouet,
C1358,Koumassi marché,
C1359,Toliessso,Maferi 
C1360,Koumassi ,Abidjan 
C1361,Marché D'Anono,
C1362,Yopougon siporex,
C1363,Abobo San manqué,
C1364,Anoumanbo ,Abidjan
C1365,Gd Mché Treichville,Abidjan
C1366,Port bouet Marché Adjoufou,Abidjan 
C1367,Ancien Koumassi,Abidjan
C1368,Marché de djè konan,
C1369,Jean folly,
C1370,Riviera Anono,
C1371,Adjawi marché,Abidjan
C1372,Grand Marché Treichville ,Abidjan 
C1373,Maferé ,
C1374,Adjamé ,Abidjan
C1375,Adjamé marché Gouro,Abidjan
C1376,Marcory Orca deco,Abidjan
C1377,Marché Treichville ,Abidjan 
C1378,,
C1379,Ouragahio ,Gagnoa
C1380,Adiake,Adiake
C1381,Vridi 3,
C1382,Camp militaire Yopougon,Abidjan
C1383,Trechville ,Abidjan 
C1384,Abobo Dokui,
C1385,,
C1386,Port BOUET MARCHE DE NUIT,Abidjan 
C1387,Marche  de marcory,
C1388,Vridi Canal,
C1389,Petit Marché Marcory ,Abidjan 
C1390,Port de pêche,
C1391,Yopougon Andokoi,
C1392,Marché Grand carrefour ,Abidjan
C1393,Grand marchè de marcory ,
C1394,Grand Marché Treichville ,Abidjan 
C1395,Marché de Djekonan,Abidjan
C1396,Au port ,Abidjan 
C1398,Yopougon,
C1399,Abobo grand Marché ,
C1400,Marché de port Bouët,
C1401,Kouakro,Aboisso 
C1402,Mché Bagnon Yopougon,
C1403,,
C1404, Yopougon sicogi,Abidjan 
C1405,Yopougon port boue 2,Abidjan
C1406,Abidjan,
C1407,Adjamé Mché Gouro,
C1408,Yopougon zone ,Abidjan 
C1409,Adjahui ,Abidjan 
C1410,Au port,Abidjan 
C1412,Port Bouët Abattoir,
C1413,Tiassalé,
C1414,Alépé,Abidjan
C1415,Grande Marché Koumassi ,Abidjan 
C1416,Marché Treichville ,Abidjan 
C1417,Marché de vridi canal,
C1418,Marché Yopougon ,Abidjan 
C1419,Yamoussoukro gd Marché,
C1420,Angre,Abidjan 
C1421,Marché Sideci ,Abidjan 
C1422,Marché Yopougon ,Abidjan 
C1423,,
C1424,Port-Bouet,Abidjan
C1425,Treichville(marché belleville),Abidjan 
C1426,,Abidjan
C1427,Marché de port bouët,
C1428,Adjamé marché gouro,Abidjan
C1430,Marché Akouedo,Abidjan 
C1431,Abobo Gd Mché,Abidjan 
C1432,Adjouffou Marché ,Abidjan 
C1433,Bonoua,
C1434,Bassam ,Bassam 
C1435,Yopougon camp militaire ,Abidjan
C1436,,
C1437,Port Bouet gonzague,
C1438,Marché Abobo,Abidjan 
C1439,Marché Marcory,Abidjan 
C1440,Abidjan,Porte bouet
C1441,Zone 4,Abidjan 
C1442,Mche Vridi Canal,
C1443,Angré Château,
C1444,,
C1445,Assinie,
C1446,Port bouet,Abidjan 
C1447,Abobo (agripaque),Abidjan 
C1448,Bonoua,
C1449,Yopougon,
C1450,Mafere ,
C1451,Vridi,
C1452,Bonoua,
C1453,Jean folly,
C1454,Jean Folly,Abidjan 
C1455,Port bouet,
C1456,Port bouet,
C1457,Riviera palmeraie ,
C1458,Bingerville,
C1459,Bouaké,
C1460,Bouaké,
C1461,Zone 4,
C1462,Abobo kennedy,Abidjan
C1463,Marché Abobo ,Abidjan 
C1464,Burkina Faso,
C1465,Au port ,Abidjan 
C1466,Vridi canal,
C1467,Abobo,
C1468,Abattoir,
C1469,Vridi Canal,
C1470,Abobo,
C1471,Bonoua,
C1472,Riviera Anono,
C1473,Zone 4,Abidjan
C1474,Adjame,Abidjan 
C1475,Au Port ,Abidjan 
C1476,Petit marché de Bassam,Grand Bassam
C1477,Au Port,Abidjan 
C1478,Korogho ,Korogho 
C1479,Gonzague belle ville,
C1480,Yopougon Palais ,Abidjan
C1481,Au Port,Abidjan
C1482,Yopougon,
C1483,Gonzague (Adjoufou),Abidjan 
C1484,Zone 4,Abidjan
C1485,Zone 4 ,Abidjan
C1486,Marche Adjame,Abidjan 
C1487,Adjamé complexe,Abidjan
C1488,Marchè adjamè forum ,
C1489,Marche Bonoua,Bonoua
C1490,Faya,
C1491,Plateau dokui ,
C1492,Marché Cocovico,Abidjan
C1493,Bonoua,Bonoua
C1494,Abobo Gd Mché,Abidjan
C1495,Adjawi ,Abidjan
C1496,Grand port,
C1497,Marché terre rouge,
C1498,Gd Mché koumassi,Abidjan
C1499,Cité grand moulin ,
C1500,Abobo Gd Mché,Abidjan
C1501,Terre rouge,
C1502,Ayaman Grand Marché ,Abidjan
C1503,Kouassi Soweto,Abidjan
C1504,Treichville,
C1505,Gare de bassam,Abidjan 
C1506,Marché de bonoua,
C1507,Marcory,Abidjan
C1508,Bonoua,Bonoua
C1509,Koumassi Campement,Abidjan
C1510,Treichville,
C1511,Marché de koumassi,
C1512,Bonoua,
C1513,Riviera ciad,Abidjan 
C1514,Vridi Petit Bassam ,Abidjan 
C1515,Marche bonoua ,
C1516,Gd Mché Abobo,
C1517,Marché d’Aboisso,Aboisso
C1518,Abobo PK18,Abidjan 
C1519,Marché terre rouge,
C1520,Marché de Port Bouët,
C1521,Bietry,
C1522,Bonoua Yaou ,Abidjan 
C1523,,
C1524,Marché Adjahui,
C1525, Gonzague,Abidjan 
C1526,Treichville zone2,Abidjan
C1527,Marché 2 Plateau,
C1528,,Bonoua
C1529,Derriere Waff,Abidjan
